DATAScience;3
Probability;3
physics;3
MonteCarlo;3
UseR2016;3
airquality;3
sales;3
StrataData;3
ProcessMining;3
QuantumComputing;3
ciberseguridad;3
dseu;3
DSGhackathon;3
Classification;3
datajournalism;3
Correlation;3
DataSmt;3
DeepLearnings;3
encryption;3
Stats;3
windowsazure;3
dsdamsterdam;3
UAE;3
datashow;3
DeepMindLab;3
AgTech;3
hellastorm;3
businessanalytics;3
wikipedia;3
software;3
Algorithmic;3
doc2vec;3
graphlab;3
fsharp;3
SpeechRecognition;3
Popularity;3
AImovies;3
dsla;3
BigDataWeek;3
euroscipy;3
Webinar;3
Kafka;3
TSWS15;3
lyst;3
FinalFour;3
fake;3
PostgreSQL;3
Rlang;3
SportsAnalytics;3
dataprep;3
CognitiveServices;3
digitalhealth;3
oreillyai;3
Engineer;3
Research;3
BigPuebloMataBigData;3
keras;3
smb;3
skimage;3
Agriculture;3
wrangleconf;3
decisiontrees;3
mwc17;3
BOSTON;3
udacity;3
Manila;3
GoogleAnalytics;3
creativeAI;3
GetCovered;3
GraphDB;3
uninflux;3
Computing;3
womensmarch;3
VUI;3
Paris;3
drones;3
mind;3
newsfoo;3
Minecraft;3
rating;3
gov20;3
Doha;3
womenintech;3
gigaom;3
ar;3
Lasagne;3
knowledgedistillation;3
Macron;3
Alluxio;3
NVIDIA;3
SCOTUS;3
Campaign;3
BIGDATA;3
deep;3
AFP;3
Economics;3
datacrazy;3
Siri;3
event;3
CRISPDM;3
HindusResist;3
CodeNode;3
entrepreneurship;3
UCLA;3
monktoberfest;3
autonomous;3
designthinking;3
Reinforcement;3
pygotham;3
pytorch;3
XGBoost;3
البيانات_الضخمة;3
MadeByGoogle;3
ICML2015;3
Uber;3
MachineLea;3
TensowFlow;3
Hbase;3
Wellesley;3
Markov;3
datasciencehumor;3
CES2017;3
ehealth;3
DataEngineering;3
ChiefDataOfficer;3
HDInsight;3
Scientist;3
ODILaunch;3
Walmart;3
FOSDEM;3
HIMSS17;3
pinball;3
Munich;3
banca;3
Stratahadoop;3
ElNino;3
HappyNewYear;3
ignioBright;3
China;3
ABTesting;3
ICLR2016;3
gov2au;3
GravitationalWaves;3
population;3
AdvancedAnalytics;3
Javascript;3
VeteransDay;3
Russia;3
Burlington;3
CO2;3
reinforcementlearning;3
economy;3
cybercrime;3
Datamining;3
DataSec;3
pix2pix;3
Sydney;3
user2014;3
HappyHolidays;3
NIPS;3
Fake;3
TFdevsummit;3
health;3
Hackers;3
d4gx;3
BlackFriday;3
longreads;3
SupplyChain;3
app;3
intro;3
Career;3
Philippines;3
sqlpass;3
Engineering;3
GlobalWarming;3
vr;3
NLTK;3
DataDrivenJustice;3
Salud;3
deepmind;3
WorldCup2014;3
python3;3
emnlp2016;3
CortanaIntelligence;3
USAvsBEL;3
RIP;3
hackFS;3
financialservices;3
PAPIsConnect;3
predict;3
JuliaCon;3
Couchbase;3
DeepNeuralNetworks;3
golang;3
CIOs;3
r;3
data101;3
winning;3
pydatabln;3
MustKnow;3
RealTime;3
CivicData;3
datascibowl;3
KeystoneML;3
powerBI;3
EarlyRelease;3
BigDataSV;3
training;3
WhatsApp;3
statistician;3
mtb;3
CIKM2013;3
WBFinances;3
Titanic;3
LePen;3
RandomForests;3
SparkSummitEast;3
Tesla;3
text_mining;3
poker;3
CharlieHebdo;3
Aristegui;3
big;3
SIA2017;3
FSharp;3
developers;3
facebook;3
Netflix;3
Databases;3
RH;3
CyberMonday;3
Obama;3
Pharma;3
Analytic;3
Mosul;3
PaloAlto;3
rstudio;3
redis;3
Github;3
OpenScience;3
DataSciences;3
BigDataTokyo;3
productivity;3
Opendata;3
competition;3
ASAP2;3
Internetofthings;3
Intel;3
FF;3
TCDisrupt;3
outliers;3
machinevision;3
Eurovision;3
RSAC;3
Immigration;3
ACMHackathon;3
ActOnClimate;3
HowOldRobot;3
language;3
CIR;3
devops;3
selfdrivingcars;3
Transparency;3
CustomerService;3
bitcoinsummit;3
LeagueOfLegends;3
Social;3
Deloitte;3
Phyton;3
Code;3
fakenews;4
cognitivecomputing;4
selfie;4
Online;4
Streaming;4
MSFT;4
America;4
ScienceMarch;4
coursera;4
manila;4
SEO;4
timeseries;4
kdnuggets;4
Entrepreneur;4
UCL;4
Strata;4
HackFC;4
SXSL;4
Neo4j;4
DarkWorlds;4
Creativity;4
measure;4
bayes;4
HR;4
FinData;4
DLworkshop;4
Bioinformatics;4
alivewhileblack;4
SanDiego;4
JeSuisCharlie;4
Marketers;4
futureofopen;4
theano;4
SAS;4
Cognitive;4
lazyweb;4
creativity;4
keepitfree;4
Popular;4
ParisDataGeeks;4
dsdojo;4
Stratifyd;4
Oscars;4
BitcoinSummit;4
podcast;4
HallOfFame;4
Statistical;4
Physics;4
agile;4
France;4
dplyr;4
earthquake;4
HPBigData;4
Machine;4
Ecommerce;4
nips2014;4
DataSets;4
Washington;4
clustering;4
surveillance;4
SciPy2015;4
datavis;4
SMB;4
KPIs;4
reworkDL;4
Learning;4
slack;4
disruption;4
java;4
Future;4
Matplotlib;4
elearning;4
in;4
center4oe;4
design;4
cioreview;4
PIF;4
FooCamp;4
RTVS;4
database;4
selfdriving;4
Wikipedia;4
IDGtv;4
free;4
LSTM;4
trends;4
datasmt;4
bigdataanalytics;4
CBLiveEUR;4
DataJournalism;4
AMJoy;4
Fillon;4
video;4
Influencers;4
JSM2016;4
ImageNet;4
javascript;4
IStandWithAhmed;4
SuperBowl;4
Caffe;4
Developers;4
ebook;4
Tutorials;4
GE;4
UK;4
Kubernetes;4
aviation;4
hortonworks;4
IoA;4
WrangleConf;4
Labyrinth;4
GitHub;4
BBBT;4
Bias;4
GHC15;4
StackOverflow;4
RaspberryPi;4
git;4
jsm2015;4
HBR;4
growthhacking;4
linux;4
DeepDream;4
history;4
Internet;4
docker;4
cities;4
DataCleaning;4
fraud;4
agriculture;4
FogComputing;4
googlenext17;4
london;4
Manufacturing;4
Clinton;4
Pydata;4
datadéontologie;4
techforgood;4
digitaltransformation;4
sentimentanalysis;5
Beer;5
gis;5
robot;5
Slack;5
eurovision;5
tutorial;5
Cartoon;5
Businesses;5
VC;5
debate;5
CogComputing;5
IT;5
JSM2015;5
B2B;5
theCUBE;5
pycon;5
leadership;5
UTDH15;5
workshop;5
TextMining;5
nosql;5
arxiv;5
mentalhealth;5
Splunk;5
realtimesummit;5
itrtg;5
shiny;5
smarthome;5
martech;5
medicine;5
Europe;5
humor;5
icymi;5
Retail;5
Prediction;5
Ensembles;5
santé;5
ILookLikeAnEngineer;5
climatechange;5
CivicTech;5
scikit;5
sotmus;5
intelligence;5
apachespark;5
NeuralDoodle;5
SecDef;5
math;5
predictivemodel;5
Fraud;5
DataModeling;5
Germany;5
Clustering;5
sql;5
CUDA;5
neo4j;5
DNA;5
MicrosoftTeams;5
AlternativeFacts;5
Customer;5
matplotlib;5
Algorithm;5
NVDLI;5
d3js;5
bias;5
TheTechAwards;5
clojure;5
SmallBiz;5
MongoDB;5
Pareto;5
Failure;5
democracy;5
DataOps;5
Big;5
music;5
research;5
viz;5
Blogs;5
AskAlexa;5
NBAFinals;5
icml2015;5
marketers;5
LasVegas;5
SDN;5
ReservoirLab;5
earl2016;5
cognitive;5
datavisualizations;5
Forecasting;5
cikm2013;5
cio;5
DLWorkshop;5
optimization;5
wikichallenge;5
advertising;5
BeanReview;5
Apple;5
Anaconda;5
WorldCup;5
aws;5
MIT;6
HadoopWorld;6
NYPD;6
InformativoIT;6
SantaClara;6
ghc15;6
cloudcomputing;6
AIByTheBay;6
itsfriday;6
hadoopsummit;6
GitXiv;6
textmining;6
Socialization;6
datascichat;6
communication;6
Election2016;6
DataWarehousing;6
custex;6
speechrecognition;6
DNN;6
MSDataScienceSummit;6
opengov;6
Innovation;6
openscience;6
kdd2016;6
sklearn;6
DataEngineer;6
cancer;6
UAQhack;6
SelfDriving;6
RLang;6
PyCon;6
dsdeeplearn;6
FinTech;6
climate;6
rlang;6
APIs;6
jupyter;6
word2vec;6
ACA;6
SaaS;6
dataanalysis;6
future;6
SME;6
MachineLeanring;6
rstudioconf;6
internetofthings;6
Julia;6
Health;6
manufacturing;6
BigDataChat;6
predictivemodels;6
empleo;6
Alexa;6
humanrights;6
Math;6
brain;6
Julialang;6
Torch7;6
education;6
CDO;6
RiotGames;6
IntelAI;6
Hartford;6
deeperlearning;6
BigDataAnalytics;6
infographic;6
DLIWorkshop;6
PMINetwork;6
numérique;6
Genomics;6
travel;6
wearables;6
FutureofAI;6
DataShow;7
IWD2017;7
scipy2015;7
BigDataMataLaDemocracia;7
HealthTech;7
CloudComputing;7
CIO;7
VirtualReality;7
prediction;7
hcsmeufr;7
ICLR2017;7
ASAP;7
ITWhitepapers;7
FIFA;7
SocialMedia;7
Job;7
finance;7
TIyEmpresa;7
IBMWatson;7
PowerBI;7
LinkedIn;7
dsdligo;7
EdgeAnalytics;7
bioinformatics;7
politics;7
MuslimBan;7
Software;7
Montreal;7
bdw13;7
ipython;7
GrowthHacking;7
socialmedia;7
AR;7
Iot;7
hackforchange;7
Mobile;7
WHScienceFair;7
Advice;7
ROI;7
robots;7
Austin;7
automation;7
scipy;7
Brexit;7
Kagglers;8
ComputerVision;8
Visualization;8
botframework;8
GTC16EU;8
spark;8
BusinessSummit;8
Docker;8
analysis;8
useR2014;8
Dataset;8
darkworlds;8
biganalyticsisrael;8
PredictiveModeling;8
Election;8
StrataConf;8
jobs;8
Chatbot;8
numpy;8
STEM;8
NaturalLanguageProcessing;8
coding;8
Cassandra;8
icml2016;8
MentalHealthHackathon;8
datachat;8
Mpgvip;8
SmartNation;8
dissertation;8
BusinessAnalytics;8
YesWeCan;8
PyDataLondon;8
smartcity;8
Dataviz;8
Datavisualization;8
CrimeStats;8
vcsdata;8
deepdream;8
meetup;8
NIPS2015;8
SOTU;8
TextAnalytics;8
ClimateChange;8
machineintelligence;8
USA;8
WomensMarch;8
sxsw;8
regression;8
InternationalWomensDay;9
algorithm;9
Neuroscience;9
textanalytics;9
Robots;9
AzureML;9
neuralnets;9
Twitter;9
IPython;9
SQLServer;9
Chatbots;9
NoFreeHunch;9
RLadies;9
Insurance;9
Book;9
graphlabconf;9
CRM;9
Sales;9
Data4Good;9
mobile;9
Excel;9
Botness;9
Cambridge;9
Automation;9
HPC;9
user2016;9
Singapore;9
Java;9
ecommerce;9
DataStorytelling;9
2MA;9
Regression;10
MWC17;10
NASA;10
ICML2016;10
scikitlearn;10
Climate;10
ggplot2;10
BigDataParis;10
UX;10
Hackathon;10
Programming;10
SmartCity;10
worldcup;10
TED;10
SmartCities;10
webinar;10
Bayes;10
GoogleNext17;10
dsdseattle;10
HBase;10
Keras;10
DataAnalysis;10
Chicago;10
Meetup;10
tensorflow;10
Intelligence;10
ddj;10
Agile;10
ethics;10
china;11
CX;11
Democracy;11
scala;11
NeuralNets;11
retail;11
Cancer;11
infosec;11
election;11
predictivemodeling;11
PiDay;11
nextmoney;11
Cybersecurity;11
EARL2016;11
Seattle;11
MOOC;11
fail;11
arXiv;11
Apache;11
dataScience;11
data4good;11
startups;11
cawx;12
DevOps;12
Build2015;12
Ethics;12
API;12
Watson;12
NIPS2014;12
bigdataweek;12
Linux;12
masterclass;12
datadriven;12
IoE;12
computervision;12
botday;12
Science;12
Outbrain;12
PyCon2015;12
Insurtech;12
visualization;12
DigitalMarketing;12
Finance;12
EARL2015;12
DSGhack;12
Technology;12
MachineIntelligence;13
insurtech;13
OpenAI;13
bootcamp;13
GPUs;13
neuralnetwork;13
crowdsourcing;13
user2015;13
SXSW;13
Banking;13
dataset;13
Robotics;13
businessintelligence;13
nlp;13
chatbot;13
privacy;13
Analysis;13
Covariance;13
SFO;13
hackathon;13
Stanford;13
dataanalytics;13
Digital;13
Barcelona;13
Torch;14
Computers;14
DLLondon;14
PrecisionMedicine;14
DataLake;14
CyberSecurity;14
makeyourownlane;14
bitcoin;14
Pandas;14
neuroscience;14
Amazon;14
dataengineering;14
MarchMadness;14
NoSQL;14
DataSciChat;14
greylockhackfest;15
IBM;15
MOOCs;15
HealthCare;15
InternetOfThings;15
AQhack;15
useR2015;15
robotics;15
VR;16
defstar5;16
DigitalTransformation;16
DataChat;16
Privacy;16
IIoT;16
pandas;16
digital;16
Artificialintelligence;16
datasets;16
BLACKPINK;16
PySpark;16
ml;16
banking;16
PyMC3;16
Rprogramming;17
Bitcoin;17
NoBanNoWall;17
SanFrancisco;17
Datascience;17
musicdata;17
Facebook;17
Startups;17
IDGBigData;17
Predictive;17
Bots;17
FakeNews;17
IOT;18
SparkSummit;18
cybersecurity;18
recsys;18
justlaunched;19
innovation;19
smartcities;19
Interview;19
M2M;19
Tech;20
NeuralNetwork;20
Jupyter;20
smartnation;20
Theano;20
bot;20
NLProc;20
nlproc;20
Deeplearning;20
Startup;20
deeplearningldn;20
DLCamp16;20
Tutorial;20
Bayesian;20
Microsoft;20
urbandatahack;21
programming;21
CDOs;21
Wearables;21
datascientists;21
DataAnalytics;21
hackFC;22
chatbots;22
Scala;22
startup;23
AWS;23
useR2016;23
chess;23
DataDriven;23
job;23
business;23
JuliaLang;24
DeepMind;24
security;25
Education;25
drflix;25
NIPS2016;25
Books;25
Machinelearning;25
Free;26
Dubai;26
SQL;26
KDN16;26
aqhack;26
GPU;27
Bigdata;27
algorithms;27
Trends;27
realtime;27
JOB;27
botness;28
DataVisualization;28
Infographic;28
datascientist;28
marketing;28
Security;28
nips2016;29
RStats;30
Ciberseguridad;30
Google;30
OpenSource;31
dlearn;31
Tensorflow;31
cloud;32
Fintech;32
blockchain;32
Azure;33
gameshack;33
datavisualization;35
InternetofThings;36
Marketing;36
Healthcare;36
stats;36
bots;36
NextEconomy;36
ApacheSpark;37
BusinessIntelligence;37
artificialintelligence;37
neuralnetworks;38
ohdh14;38
Strataconf;40
insights;41
Business;41
OReillyAI;42
hackfc;43
science;43
Dask;46
udhack;47
AlphaGo;48
opensource;49
OpenData;49
statistics;49
BI;49
NYC;51
Blockchain;51
DataSciBowl;51
sparksummit;51
kdn;52
BotDay;52
kaggle;52
Statistics;53
Algorithms;53
predictiveanalytics;54
hadoop;54
PredictiveAnalytics;54
PyData;57
scriptoftheweek;59
ai;61
Cloud;61
iot;65
technology;65
datamining;68
healthcare;70
London;70
Spark;76
DataViz;79
Kaggle;79
Boston;80
DataScientists;81
abdsc;82
RT;83
NLP;86
fintech;91
julialang;95
tech;97
nofreehunch;98
opendata;101
pydata;101
fb;105
Rstats;115
DataMining;125
bdhldn;126
python;133
Hadoop;139
ds_ldn;147
R;148
NeuralNetworks;148
TensorFlow;160
DataScientist;179
dataviz;182
data;210
strataconf;216
Data;218
DL;245
analytics;263
ArtificialIntelligence;270
ICYMI;388
Python;418
stratahadoop;441
ML;457
StrataHadoop;457
Analytics;594
IoT;601
machinelearning;643
deeplearning;776
bigdata;803
datascience;899
DeepLearning;1000
KDN;1201
rstats;1216
AI;1307
MachineLearning;1344
BigData;1928
ODSC;2382
DataScience;3522